<?xml version="1.0" encoding="UTF-8"?>

<!-- generated on 2023-11-14 22:30:07 by Eclipse SUMO duarouter Version 1.18.0
<configuration xmlns:xsi="http://www.w3.org/2001/XMLSchema-instance" xsi:noNamespaceSchemaLocation="http://sumo.dlr.de/xsd/duarouterConfiguration.xsd">

    <input>
        <net-file value="C:\Program Files (x86)\Eclipse\Sumo\thesis_test\Reall02-Gongguan.net.xml"/>
        <route-files value="C:\Program Files (x86)\Eclipse\Sumo\thesis_test\Korea02.rou.xml"/>
    </input>

    <output>
        <output-file value="C:\Program Files (x86)\Eclipse\Sumo\thesis_test\Korea02.rou.xml"/>
        <vtype-output value="C:\Program Files (x86)\Eclipse\Sumo\thesis_test\outs.xml"/>
        <alternatives-output value="NUL"/>
    </output>

    <time>
        <begin value="0"/>
        <end value="3600"/>
    </time>

    <report>
        <no-warnings value="true"/>
        <ignore-errors value="true"/>
        <no-step-log value="true"/>
    </report>

</configuration>
-->

<routes xmlns:xsi="http://www.w3.org/2001/XMLSchema-instance" xsi:noNamespaceSchemaLocation="http://sumo.dlr.de/xsd/routes_file.xsd"/>
