<?xml version="1.0" encoding="UTF-8"?>

<!-- generated on 2023-12-14 02:03:20 by Eclipse SUMO GUI Version 1.18.0
<configuration xmlns:xsi="http://www.w3.org/2001/XMLSchema-instance" xsi:noNamespaceSchemaLocation="http://sumo.dlr.de/xsd/sumoConfiguration.xsd">

    <input>
        <net-file value="C:\Program Files (x86)\Eclipse\Sumo\thesis_test\Reall02-Gongguan.net.xml"/>
        <route-files value="C:\Program Files (x86)\Eclipse\Sumo\thesis_test\Korea02.rou.xml"/>
        <additional-files value="C:\Program Files (x86)\Eclipse\Sumo\thesis_test\Korea02.add.xml"/>
    </input>

    <output>
        <tripinfo-output value="C:\Program Files (x86)\Eclipse\Sumo\thesis_test\results.xml"/>
    </output>

    <processing>
        <no-internal-links value="false"/>
        <tls.actuated.show-detectors value="false"/>
    </processing>

</configuration>
-->

<tripinfos xmlns:xsi="http://www.w3.org/2001/XMLSchema-instance" xsi:noNamespaceSchemaLocation="http://sumo.dlr.de/xsd/tripinfo_file.xsd">
</tripinfos>
