<?xml version="1.0" encoding="UTF-8"?>

<!-- generated on 2024-01-05 16:53:37 by Eclipse SUMO GUI Version 1.18.0
<configuration xmlns:xsi="http://www.w3.org/2001/XMLSchema-instance" xsi:noNamespaceSchemaLocation="http://sumo.dlr.de/xsd/sumoConfiguration.xsd">

    <input>
        <net-file value="C:\Users\ivand\Documents\SUMO - Copy\LAST\Reall02-Gongguan.net.xml"/>
        <route-files value="C:\Users\ivand\Documents\SUMO - Copy\LAST\LAST.rou.xml"/>
        <additional-files value="C:\Users\ivand\Documents\SUMO - Copy\LAST\backup.add.xml"/>
    </input>

    <output>
        <fcd-output value="C:\Users\ivand\Documents\SUMO - Copy\LAST\Output/fcdOutput.xml"/>
        <full-output value="C:\Users\ivand\Documents\SUMO - Copy\LAST\Output/outputs.xml"/>
        <summary-output value="C:\Users\ivand\Documents\SUMO - Copy\LAST\Output/summary.xml"/>
        <stop-output value="C:\Users\ivand\Documents\SUMO - Copy\LAST\Output/stopOutput.xml"/>
        <edgedata-output value="C:\Users\ivand\Documents\SUMO - Copy\LAST\Output/edgedata.xml"/>
        <statistic-output value="C:\Users\ivand\Documents\SUMO - Copy\LAST\Output/statisticOutput.xml"/>
    </output>

    <random_number>
        <seed value="1234"/>
    </random_number>

</configuration>
-->

<statistics xmlns:xsi="http://www.w3.org/2001/XMLSchema-instance" xsi:noNamespaceSchemaLocation="http://sumo.dlr.de/xsd/statistic_file.xsd">
    <performance clockBegin="754714.14" clockEnd="754802.64" clockDuration="88.50" traciDuration="0.22" realTimeFactor="8.63" vehicleUpdatesPerSecond="225.83" personUpdatesPerSecond="0.00" begin="0.00" end="764.00" duration="764.00"/>
    <vehicles loaded="144" inserted="144" running="31" waiting="0"/>
    <teleports total="0" jam="0" yield="0" wrongLane="0"/>
    <safety collisions="0" emergencyStops="0" emergencyBraking="0"/>
    <persons loaded="0" running="0" jammed="0"/>
    <personTeleports total="0" abortWait="0" wrongDest="0"/>
</statistics>
