<routes>

    <flow id="0" from="16to0" to="12to24" begin="0" end="20000" probability="0.35" departSpeed="max" departPos="base" departLane="best"/>
    <flow id="1" from="17to1" to="13to25" begin="0" end="20000" probability="0.35" departSpeed="max" departPos="base" departLane="best"/>
    <flow id="2" from="18to2" to="14to26" begin="0" end="20000" probability="0.35" departSpeed="max" departPos="base" departLane="best"/>
    <flow id="3" from="19to3" to="15to27" begin="0" end="20000" probability="0.35" departSpeed="max" departPos="base" departLane="best"/>

    <flow id="4" from="20to0" to="3to28" begin="0" end="20000" probability="0.35" departSpeed="max" departPos="base" departLane="best"/>
    <flow id="5" from="21to4" to="7to29" begin="0" end="20000" probability="0.35" departSpeed="max" departPos="base" departLane="best"/>
    <flow id="6" from="22to8" to="11to30" begin="0" end="20000" probability="0.35" departSpeed="max" departPos="base" departLane="best"/>
    <flow id="7" from="23to12" to="15to31" begin="0" end="20000" probability="0.35" departSpeed="max" departPos="base" departLane="best"/>

</routes>
