<?xml version="1.0" encoding="UTF-8"?>

<!-- generated on 2024-01-07 16:00:38 by Eclipse SUMO netedit Version 1.18.0
-->

<routes xmlns:xsi="http://www.w3.org/2001/XMLSchema-instance" xsi:noNamespaceSchemaLocation="http://sumo.dlr.de/xsd/routes_file.xsd">
    <!-- VTypes -->
    <vType id="t_0" emissionClass="HBEFA4/PC_petrol_Euro-4"/>
    <vType id="t_1" emissionClass="HBEFA4/PC_petrol_Euro-5"/>
    <vType id="t_2" emissionClass="HBEFA4/PC_petrol_Euro-6ab"/>
    <!-- Vehicles, persons and containers (sorted by depart) -->
<flow id="f_28"  type="t_0"  begin="0"  color="yellow"  from="E32"  to="E31"  end="18000"  period="exp(0.005)"/>
<flow id="f_29"  type="t_0"  begin="0"  color="yellow"  from="E24"  to="E27"  end="18000"  period="exp(0.005)"/>
<flow id="f_31"  type="t_0"  begin="0"  color="yellow"  from="E35.61"  to="E37"  end="18000"  period="exp(0.005)"/>
<flow id="f_613"  type="t_1"  begin="0"  color="blue"  from="E32"  to="E31"  end="18000"  period="exp(0.005)"/>
<flow id="f_614"  type="t_1"  begin="0"  color="blue"  from="E24"  to="E27"  end="18000"  period="exp(0.005)"/>
<flow id="f_616"  type="t_1"  begin="0"  color="blue"  from="E35.61"  to="E37"  end="18000"  period="exp(0.005)"/>
<flow id="f_1198"  type="t_2"  begin="0"  color="green"  from="E32"  to="E31"  end="18000"  period="exp(0.005)"/>
<flow id="f_1199"  type="t_2"  begin="0"  color="green"  from="E24"  to="E27"  end="18000"  period="exp(0.005)"/>
<flow id="f_1201"  type="t_2"  begin="0"  color="green"  from="E35.61"  to="E37"  end="18000"  period="exp(0.005)"/>
<flow id="f_41"  type="t_0"  begin="18000"  color="yellow"  from="E32"  to="E31"  end="25200"  period="exp(0.021)"/>
<flow id="f_42"  type="t_0"  begin="18000"  color="yellow"  from="E24"  to="E27"  end="25200"  period="exp(0.021)"/>
<flow id="f_44"  type="t_0"  begin="18000"  color="yellow"  from="E35.61"  to="E37"  end="25200"  period="exp(0.003)"/>
<flow id="f_626"  type="t_1"  begin="18000"  color="blue"  from="E32"  to="E31"  end="25200"  period="exp(0.021)"/>
<flow id="f_627"  type="t_1"  begin="18000"  color="blue"  from="E24"  to="E27"  end="25200"  period="exp(0.021)"/>
<flow id="f_629"  type="t_1"  begin="18000"  color="blue"  from="E35.61"  to="E37"  end="25200"  period="exp(0.003)"/>
<flow id="f_1211"  type="t_2"  begin="18000"  color="green"  from="E32"  to="E31"  end="25200"  period="exp(0.021)"/>
<flow id="f_1212"  type="t_2"  begin="18000"  color="green"  from="E24"  to="E27"  end="25200"  period="exp(0.021)"/>
<flow id="f_1214"  type="t_2"  begin="18000"  color="green"  from="E35.61"  to="E37"  end="25200"  period="exp(0.003)"/>
<flow id="f_54"  type="t_0"  begin="25200"  color="yellow"  from="E32"  to="E31"  end="32400"  period="exp(0.07)"/>
<flow id="f_55"  type="t_0"  begin="25200"  color="yellow"  from="E24"  to="E27"  end="32400"  period="exp(0.07)"/>
<flow id="f_57"  type="t_0"  begin="25200"  color="yellow"  from="E35.61"  to="E37"  end="32400"  period="exp(0.01)"/>
<flow id="f_639"  type="t_1"  begin="25200"  color="blue"  from="E32"  to="E31"  end="32400"  period="exp(0.07)"/>
<flow id="f_640"  type="t_1"  begin="25200"  color="blue"  from="E24"  to="E27"  end="32400"  period="exp(0.07)"/>
<flow id="f_642"  type="t_1"  begin="25200"  color="blue"  from="E35.61"  to="E37"  end="32400"  period="exp(0.01)"/>
<flow id="f_1224"  type="t_2"  begin="25200"  color="green"  from="E32"  to="E31"  end="32400"  period="exp(0.07)"/>
<flow id="f_1225"  type="t_2"  begin="25200"  color="green"  from="E24"  to="E27"  end="32400"  period="exp(0.07)"/>
<flow id="f_1227"  type="t_2"  begin="25200"  color="green"  from="E35.61"  to="E37"  end="32400"  period="exp(0.01)"/>
<flow id="f_67"  type="t_0"  begin="32400"  color="yellow"  from="E32"  to="E31"  end="39600"  period="exp(0.035)"/>
<flow id="f_68"  type="t_0"  begin="32400"  color="yellow"  from="E24"  to="E27"  end="39600"  period="exp(0.035)"/>
<flow id="f_70"  type="t_0"  begin="32400"  color="yellow"  from="E35.61"  to="E37"  end="39600"  period="exp(0.005)"/>
<flow id="f_652"  type="t_1"  begin="32400"  color="blue"  from="E32"  to="E31"  end="39600"  period="exp(0.035)"/>
<flow id="f_653"  type="t_1"  begin="32400"  color="blue"  from="E24"  to="E27"  end="39600"  period="exp(0.035)"/>
<flow id="f_655"  type="t_1"  begin="32400"  color="blue"  from="E35.61"  to="E37"  end="39600"  period="exp(0.005)"/>
<flow id="f_1237"  type="t_2"  begin="32400"  color="green"  from="E32"  to="E31"  end="39600"  period="exp(0.035)"/>
<flow id="f_1238"  type="t_2"  begin="32400"  color="green"  from="E24"  to="E27"  end="39600"  period="exp(0.035)"/>
<flow id="f_1240"  type="t_2"  begin="32400"  color="green"  from="E35.61"  to="E37"  end="39600"  period="exp(0.005)"/>
<flow id="f_80"  type="t_0"  begin="39600"  color="yellow"  from="E32"  to="E31"  end="54000"  period="exp(0.042)"/>
<flow id="f_81"  type="t_0"  begin="39600"  color="yellow"  from="E24"  to="E27"  end="54000"  period="exp(0.042)"/>
<flow id="f_83"  type="t_0"  begin="39600"  color="yellow"  from="E35.61"  to="E37"  end="54000"  period="exp(0.006)"/>
<flow id="f_665"  type="t_1"  begin="39600"  color="blue"  from="E32"  to="E31"  end="54000"  period="exp(0.042)"/>
<flow id="f_666"  type="t_1"  begin="39600"  color="blue"  from="E24"  to="E27"  end="54000"  period="exp(0.042)"/>
<flow id="f_668"  type="t_1"  begin="39600"  color="blue"  from="E35.61"  to="E37"  end="54000"  period="exp(0.006)"/>
<flow id="f_1250"  type="t_2"  begin="39600"  color="green"  from="E32"  to="E31"  end="54000"  period="exp(0.042)"/>
<flow id="f_1251"  type="t_2"  begin="39600"  color="green"  from="E24"  to="E27"  end="54000"  period="exp(0.042)"/>
<flow id="f_1253"  type="t_2"  begin="39600"  color="green"  from="E35.61"  to="E37"  end="54000"  period="exp(0.006)"/>
<flow id="f_93"  type="t_0"  begin="54000"  color="yellow"  from="E32"  to="E31"  end="61200"  period="exp(0.049)"/>
<flow id="f_94"  type="t_0"  begin="54000"  color="yellow"  from="E24"  to="E27"  end="61200"  period="exp(0.035)"/>
<flow id="f_96"  type="t_0"  begin="54000"  color="yellow"  from="E35.61"  to="E37"  end="61200"  period="exp(0.007)"/>
<flow id="f_678"  type="t_1"  begin="54000"  color="blue"  from="E32"  to="E31"  end="61200"  period="exp(0.049)"/>
<flow id="f_679"  type="t_1"  begin="54000"  color="blue"  from="E24"  to="E27"  end="61200"  period="exp(0.035)"/>
<flow id="f_681"  type="t_1"  begin="54000"  color="blue"  from="E35.61"  to="E37"  end="61200"  period="exp(0.007)"/>
<flow id="f_1263"  type="t_2"  begin="54000"  color="green"  from="E32"  to="E31"  end="61200"  period="exp(0.049)"/>
<flow id="f_1264"  type="t_2"  begin="54000"  color="green"  from="E24"  to="E27"  end="61200"  period="exp(0.035)"/>
<flow id="f_1266"  type="t_2"  begin="54000"  color="green"  from="E35.61"  to="E37"  end="61200"  period="exp(0.007)"/>
<flow id="f_106"  type="t_0"  begin="61200"  color="yellow"  from="E32"  to="E31"  end="68400"  period="exp(0.07)"/>
<flow id="f_107"  type="t_0"  begin="61200"  color="yellow"  from="E24"  to="E27"  end="68400"  period="exp(0.05)"/>
<flow id="f_109"  type="t_0"  begin="61200"  color="yellow"  from="E35.61"  to="E37"  end="68400"  period="exp(0.01)"/>
<flow id="f_691"  type="t_1"  begin="61200"  color="blue"  from="E32"  to="E31"  end="68400"  period="exp(0.07)"/>
<flow id="f_692"  type="t_1"  begin="61200"  color="blue"  from="E24"  to="E27"  end="68400"  period="exp(0.05)"/>
<flow id="f_694"  type="t_1"  begin="61200"  color="blue"  from="E35.61"  to="E37"  end="68400"  period="exp(0.01)"/>
<flow id="f_1276"  type="t_2"  begin="61200"  color="green"  from="E32"  to="E31"  end="68400"  period="exp(0.07)"/>
<flow id="f_1277"  type="t_2"  begin="61200"  color="green"  from="E24"  to="E27"  end="68400"  period="exp(0.05)"/>
<flow id="f_1279"  type="t_2"  begin="61200"  color="green"  from="E35.61"  to="E37"  end="68400"  period="exp(0.01)"/>
<flow id="f_119"  type="t_0"  begin="68400"  color="yellow"  from="E32"  to="E31"  end="75600"  period="exp(0.056)"/>
<flow id="f_120"  type="t_0"  begin="68400"  color="yellow"  from="E24"  to="E27"  end="75600"  period="exp(0.04)"/>
<flow id="f_122"  type="t_0"  begin="68400"  color="yellow"  from="E35.61"  to="E37"  end="75600"  period="exp(0.008)"/>
<flow id="f_704"  type="t_1"  begin="68400"  color="blue"  from="E32"  to="E31"  end="75600"  period="exp(0.056)"/>
<flow id="f_705"  type="t_1"  begin="68400"  color="blue"  from="E24"  to="E27"  end="75600"  period="exp(0.04)"/>
<flow id="f_707"  type="t_1"  begin="68400"  color="blue"  from="E35.61"  to="E37"  end="75600"  period="exp(0.008)"/>
<flow id="f_1289"  type="t_2"  begin="68400"  color="green"  from="E32"  to="E31"  end="75600"  period="exp(0.056)"/>
<flow id="f_1290"  type="t_2"  begin="68400"  color="green"  from="E24"  to="E27"  end="75600"  period="exp(0.04)"/>
<flow id="f_1292"  type="t_2"  begin="68400"  color="green"  from="E35.61"  to="E37"  end="75600"  period="exp(0.008)"/>
<flow id="f_132"  type="t_0"  begin="75600"  color="yellow"  from="E32"  to="E31"  end="86400"  period="exp(0.007)"/>
<flow id="f_133"  type="t_0"  begin="75600"  color="yellow"  from="E24"  to="E27"  end="86400"  period="exp(0.005)"/>
<flow id="f_135"  type="t_0"  begin="75600"  color="yellow"  from="E35.61"  to="E37"  end="86400"  period="exp(0.001)"/>
<flow id="f_717"  type="t_1"  begin="75600"  color="blue"  from="E32"  to="E31"  end="86400"  period="exp(0.007)"/>
<flow id="f_718"  type="t_1"  begin="75600"  color="blue"  from="E24"  to="E27"  end="86400"  period="exp(0.005)"/>
<flow id="f_720"  type="t_1"  begin="75600"  color="blue"  from="E35.61"  to="E37"  end="86400"  period="exp(0.001)"/>
<flow id="f_1302"  type="t_2"  begin="75600"  color="green"  from="E32"  to="E31"  end="86400"  period="exp(0.007)"/>
<flow id="f_1303"  type="t_2"  begin="75600"  color="green"  from="E24"  to="E27"  end="86400"  period="exp(0.005)"/>
<flow id="f_1305"  type="t_2"  begin="75600"  color="green"  from="E35.61"  to="E37"  end="86400"  period="exp(0.001)"/>
<flow id="f_145"  type="t_0"  begin="86400"  color="yellow"  from="E32"  to="E31"  end="104400"  period="exp(0.005)"/>
<flow id="f_146"  type="t_0"  begin="86400"  color="yellow"  from="E24"  to="E27"  end="104400"  period="exp(0.005)"/>
<flow id="f_148"  type="t_0"  begin="86400"  color="yellow"  from="E35.61"  to="E37"  end="104400"  period="exp(0.005)"/>
<flow id="f_730"  type="t_1"  begin="86400"  color="blue"  from="E32"  to="E31"  end="104400"  period="exp(0.005)"/>
<flow id="f_731"  type="t_1"  begin="86400"  color="blue"  from="E24"  to="E27"  end="104400"  period="exp(0.005)"/>
<flow id="f_733"  type="t_1"  begin="86400"  color="blue"  from="E35.61"  to="E37"  end="104400"  period="exp(0.005)"/>
<flow id="f_1315"  type="t_2"  begin="86400"  color="green"  from="E32"  to="E31"  end="104400"  period="exp(0.005)"/>
<flow id="f_1316"  type="t_2"  begin="86400"  color="green"  from="E24"  to="E27"  end="104400"  period="exp(0.005)"/>
<flow id="f_1318"  type="t_2"  begin="86400"  color="green"  from="E35.61"  to="E37"  end="104400"  period="exp(0.005)"/>
<flow id="f_158"  type="t_0"  begin="104400"  color="yellow"  from="E32"  to="E31"  end="111600"  period="exp(0.021)"/>
<flow id="f_159"  type="t_0"  begin="104400"  color="yellow"  from="E24"  to="E27"  end="111600"  period="exp(0.021)"/>
<flow id="f_161"  type="t_0"  begin="104400"  color="yellow"  from="E35.61"  to="E37"  end="111600"  period="exp(0.003)"/>
<flow id="f_743"  type="t_1"  begin="104400"  color="blue"  from="E32"  to="E31"  end="111600"  period="exp(0.021)"/>
<flow id="f_744"  type="t_1"  begin="104400"  color="blue"  from="E24"  to="E27"  end="111600"  period="exp(0.021)"/>
<flow id="f_746"  type="t_1"  begin="104400"  color="blue"  from="E35.61"  to="E37"  end="111600"  period="exp(0.003)"/>
<flow id="f_1328"  type="t_2"  begin="104400"  color="green"  from="E32"  to="E31"  end="111600"  period="exp(0.021)"/>
<flow id="f_1329"  type="t_2"  begin="104400"  color="green"  from="E24"  to="E27"  end="111600"  period="exp(0.021)"/>
<flow id="f_1331"  type="t_2"  begin="104400"  color="green"  from="E35.61"  to="E37"  end="111600"  period="exp(0.003)"/>
<flow id="f_171"  type="t_0"  begin="111600"  color="yellow"  from="E32"  to="E31"  end="118800"  period="exp(0.07)"/>
<flow id="f_172"  type="t_0"  begin="111600"  color="yellow"  from="E24"  to="E27"  end="118800"  period="exp(0.07)"/>
<flow id="f_174"  type="t_0"  begin="111600"  color="yellow"  from="E35.61"  to="E37"  end="118800"  period="exp(0.01)"/>
<flow id="f_756"  type="t_1"  begin="111600"  color="blue"  from="E32"  to="E31"  end="118800"  period="exp(0.07)"/>
<flow id="f_757"  type="t_1"  begin="111600"  color="blue"  from="E24"  to="E27"  end="118800"  period="exp(0.07)"/>
<flow id="f_759"  type="t_1"  begin="111600"  color="blue"  from="E35.61"  to="E37"  end="118800"  period="exp(0.01)"/>
<flow id="f_1341"  type="t_2"  begin="111600"  color="green"  from="E32"  to="E31"  end="118800"  period="exp(0.07)"/>
<flow id="f_1342"  type="t_2"  begin="111600"  color="green"  from="E24"  to="E27"  end="118800"  period="exp(0.07)"/>
<flow id="f_1344"  type="t_2"  begin="111600"  color="green"  from="E35.61"  to="E37"  end="118800"  period="exp(0.01)"/>
<flow id="f_184"  type="t_0"  begin="118800"  color="yellow"  from="E32"  to="E31"  end="126000"  period="exp(0.035)"/>
<flow id="f_185"  type="t_0"  begin="118800"  color="yellow"  from="E24"  to="E27"  end="126000"  period="exp(0.035)"/>
<flow id="f_187"  type="t_0"  begin="118800"  color="yellow"  from="E35.61"  to="E37"  end="126000"  period="exp(0.005)"/>
<flow id="f_769"  type="t_1"  begin="118800"  color="blue"  from="E32"  to="E31"  end="126000"  period="exp(0.035)"/>
<flow id="f_770"  type="t_1"  begin="118800"  color="blue"  from="E24"  to="E27"  end="126000"  period="exp(0.035)"/>
<flow id="f_772"  type="t_1"  begin="118800"  color="blue"  from="E35.61"  to="E37"  end="126000"  period="exp(0.005)"/>
<flow id="f_1354"  type="t_2" "118800"  color="green"  from="E32"  to="E31"  end="126000"  period="exp(0.035)"/>
<flow id="f_1355"  type="t_2" "118800"  color="green"  from="E24"  to="E27"  end="126000"  period="exp(0.035)"/>
<flow id="f_1357"  type="t_2" "118800"  color="green"  from="E35.61"  to="E37"  end="126000"  period="exp(0.005)"/>
<flow id="f_197"  type="t_0" "126000"  color="yellow"  from="E32"  to="E31"  end="140400"  period="exp(0.042)"/>
<flow id="f_198"  type="t_0" "126000"  color="yellow"  from="E24"  to="E27"  end="140400"  period="exp(0.042)"/>
<flow id="f_200"  type="t_0" "126000"  color="yellow"  from="E35.61"  to="E37"  end="140400"  period="exp(0.006)"/>
<flow id="f_782"  type="t_1" "126000"  color="blue"  from="E32"  to="E31"  end="140400"  period="exp(0.042)"/>
<flow id="f_783"  type="t_1" "126000"  color="blue"  from="E24"  to="E27"  end="140400"  period="exp(0.042)"/>
<flow id="f_785"  type="t_1" "126000"  color="blue"  from="E35.61"  to="E37"  end="140400"  period="exp(0.006)"/>
<flow id="f_1367"  type="t_2" "126000"  color="green"  from="E32"  to="E31"  end="140400"  period="exp(0.042)"/>
<flow id="f_1368"  type="t_2" "126000"  color="green"  from="E24"  to="E27"  end="140400"  period="exp(0.042)"/>
<flow id="f_1370"  type="t_2" "126000"  color="green"  from="E35.61"  to="E37"  end="140400"  period="exp(0.006)"/>
<flow id="f_210"  type="t_0" "140400"  color="yellow"  from="E32"  to="E31"  end="147600"  period="exp(0.049)"/>
<flow id="f_211"  type="t_0" "140400"  color="yellow"  from="E24"  to="E27"  end="147600"  period="exp(0.035)"/>
<flow id="f_213"  type="t_0" "140400"  color="yellow"  from="E35.61"  to="E37"  end="147600"  period="exp(0.007)"/>
<flow id="f_795"  type="t_1" "140400"  color="blue"  from="E32"  to="E31"  end="147600"  period="exp(0.049)"/>
<flow id="f_796"  type="t_1" "140400"  color="blue"  from="E24"  to="E27"  end="147600"  period="exp(0.035)"/>
<flow id="f_798"  type="t_1" "140400"  color="blue"  from="E35.61"  to="E37"  end="147600"  period="exp(0.007)"/>
<flow id="f_1380"  type="t_2" "140400"  color="green"  from="E32"  to="E31"  end="147600"  period="exp(0.049)"/>
<flow id="f_1381"  type="t_2" "140400"  color="green"  from="E24"  to="E27"  end="147600"  period="exp(0.035)"/>
<flow id="f_1383"  type="t_2" "140400"  color="green"  from="E35.61"  to="E37"  end="147600"  period="exp(0.007)"/>
<flow id="f_223"  type="t_0" "147600"  color="yellow"  from="E32"  to="E31"  end="154800"  period="exp(0.07)"/>
<flow id="f_224"  type="t_0" "147600"  color="yellow"  from="E24"  to="E27"  end="154800"  period="exp(0.05)"/>
<flow id="f_226"  type="t_0" "147600"  color="yellow"  from="E35.61"  to="E37"  end="154800"  period="exp(0.01)"/>
<flow id="f_808"  type="t_1"  begin="147600"  color="blue"  from="E32"  to="E31"  end="154800"  period="exp(0.07)"/>
<flow id="f_809"  type="t_1"  begin="147600"  color="blue"  from="E24"  to="E27"  end="154800"  period="exp(0.05)"/>
<flow id="f_811"  type="t_1"  begin="147600"  color="blue"  from="E35.61"  to="E37"  end="154800"  period="exp(0.01)"/>
<flow id="f_1393"  type="t_2"  begin="147600"  color="green"  from="E32"  to="E31"  end="154800"  period="exp(0.07)"/>
<flow id="f_1394"  type="t_2"  begin="147600"  color="green"  from="E24"  to="E27"  end="154800"  period="exp(0.05)"/>
<flow id="f_1396"  type="t_2"  begin="147600"  color="green"  from="E35.61"  to="E37"  end="154800"  period="exp(0.01)"/>
<flow id="f_236"  type="t_0"  begin="154800"  color="yellow"  from="E32"  to="E31"  end="162000"  period="exp(0.056)"/>
<flow id="f_237"  type="t_0"  begin="154800"  color="yellow"  from="E24"  to="E27"  end="162000"  period="exp(0.04)"/>
<flow id="f_239"  type="t_0"  begin="154800"  color="yellow"  from="E35.61"  to="E37"  end="162000"  period="exp(0.008)"/>
<flow id="f_821"  type="t_1"  begin="154800"  color="blue"  from="E32"  to="E31"  end="162000"  period="exp(0.056)"/>
<flow id="f_822"  type="t_1"  begin="154800"  color="blue"  from="E24"  to="E27"  end="162000"  period="exp(0.04)"/>
<flow id="f_824"  type="t_1"  begin="154800"  color="blue"  from="E35.61"  to="E37"  end="162000"  period="exp(0.008)"/>
<flow id="f_1406"  type="t_2"  begin="154800"  color="green"  from="E32"  to="E31"  end="162000"  period="exp(0.056)"/>
<flow id="f_1407"  type="t_2"  begin="154800"  color="green"  from="E24"  to="E27"  end="162000"  period="exp(0.04)"/>
<flow id="f_1409"  type="t_2"  begin="154800"  color="green"  from="E35.61"  to="E37"  end="162000"  period="exp(0.008)"/>
<flow id="f_249"  type="t_0"  begin="162000"  color="yellow"  from="E32"  to="E31"  end="172800"  period="exp(0.007)"/>
<flow id="f_250"  type="t_0"  begin="162000"  color="yellow"  from="E24"  to="E27"  end="172800"  period="exp(0.005)"/>
<flow id="f_252"  type="t_0"  begin="162000"  color="yellow"  from="E35.61"  to="E37"  end="172800"  period="exp(0.001)"/>
<flow id="f_834"  type="t_1"  begin="162000"  color="blue"  from="E32"  to="E31"  end="172800"  period="exp(0.007)"/>
<flow id="f_835"  type="t_1"  begin="162000"  color="blue"  from="E24"  to="E27"  end="172800"  period="exp(0.005)"/>
<flow id="f_837"  type="t_1"  begin="162000"  color="blue"  from="E35.61"  to="E37"  end="172800"  period="exp(0.001)"/>
<flow id="f_1419"  type="t_2"  begin="162000"  color="green"  from="E32"  to="E31"  end="172800"  period="exp(0.007)"/>
<flow id="f_1420"  type="t_2"  begin="162000"  color="green"  from="E24"  to="E27"  end="172800"  period="exp(0.005)"/>
<flow id="f_1422"  type="t_2"  begin="162000"  color="green"  from="E35.61"  to="E37"  end="172800"  period="exp(0.001)"/>
<flow id="f_262"  type="t_0"  begin="172800"  color="yellow"  from="E32"  to="E31"  end="190800"  period="exp(0.005)"/>
<flow id="f_263"  type="t_0"  begin="172800"  color="yellow"  from="E24"  to="E27"  end="190800"  period="exp(0.005)"/>
<flow id="f_265"  type="t_0"  begin="172800"  color="yellow"  from="E35.61"  to="E37"  end="190800"  period="exp(0.005)"/>
<flow id="f_847"  type="t_1"  begin="172800"  color="blue"  from="E32"  to="E31"  end="190800"  period="exp(0.005)"/>
<flow id="f_848"  type="t_1"  begin="172800"  color="blue"  from="E24"  to="E27"  end="190800"  period="exp(0.005)"/>
<flow id="f_850"  type="t_1"  begin="172800"  color="blue"  from="E35.61"  to="E37"  end="190800"  period="exp(0.005)"/>
<flow id="f_1432"  type="t_2"  begin="172800"  color="green"  from="E32"  to="E31"  end="190800"  period="exp(0.005)"/>
<flow id="f_1433"  type="t_2"  begin="172800"  color="green"  from="E24"  to="E27"  end="190800"  period="exp(0.005)"/>
<flow id="f_1435"  type="t_2"  begin="172800"  color="green"  from="E35.61"  to="E37"  end="190800"  period="exp(0.005)"/>
<flow id="f_275"  type="t_0"  begin="190800"  color="yellow"  from="E32"  to="E31"  end="198000"  period="exp(0.021)"/>
<flow id="f_276"  type="t_0"  begin="190800"  color="yellow"  from="E24"  to="E27"  end="198000"  period="exp(0.021)"/>
<flow id="f_278"  type="t_0"  begin="190800"  color="yellow"  from="E35.61"  to="E37"  end="198000"  period="exp(0.003)"/>
<flow id="f_860"  type="t_1"  begin="190800"  color="blue"  from="E32"  to="E31"  end="198000"  period="exp(0.021)"/>
<flow id="f_861"  type="t_1"  begin="190800"  color="blue"  from="E24"  to="E27"  end="198000"  period="exp(0.021)"/>
<flow id="f_863"  type="t_1"  begin="190800"  color="blue"  from="E35.61"  to="E37"  end="198000"  period="exp(0.003)"/>
<flow id="f_1445"  type="t_2"  begin="190800"  color="green"  from="E32"  to="E31"  end="198000"  period="exp(0.021)"/>
<flow id="f_1446"  type="t_2"  begin="190800"  color="green"  from="E24"  to="E27"  end="198000"  period="exp(0.021)"/>
<flow id="f_1448"  type="t_2"  begin="190800"  color="green"  from="E35.61"  to="E37"  end="198000"  period="exp(0.003)"/>
<flow id="f_288"  type="t_0"  begin="198000"  color="yellow"  from="E32"  to="E31"  end="205200"  period="exp(0.07)"/>
<flow id="f_289"  type="t_0"  begin="198000"  color="yellow"  from="E24"  to="E27"  end="205200"  period="exp(0.07)"/>
<flow id="f_291"  type="t_0"  begin="198000"  color="yellow"  from="E35.61"  to="E37"  end="205200"  period="exp(0.01)"/>
<flow id="f_873"  type="t_1"  begin="198000"  color="blue"  from="E32"  to="E31"  end="205200"  period="exp(0.07)"/>
<flow id="f_874"  type="t_1"  begin="198000"  color="blue"  from="E24"  to="E27"  end="205200"  period="exp(0.07)"/>
<flow id="f_876"  type="t_1"  begin="198000"  color="blue"  from="E35.61"  to="E37"  end="205200"  period="exp(0.01)"/>
<flow id="f_1458"  type="t_2"  begin="198000"  color="green"  from="E32"  to="E31"  end="205200"  period="exp(0.07)"/>
<flow id="f_1459"  type="t_2"  begin="198000"  color="green"  from="E24"  to="E27"  end="205200"  period="exp(0.07)"/>
<flow id="f_1461"  type="t_2"  begin="198000"  color="green"  from="E35.61"  to="E37"  end="205200"  period="exp(0.01)"/>
<flow id="f_301"  type="t_0"  begin="205200"  color="yellow"  from="E32"  to="E31"  end="212400"  period="exp(0.035)"/>
<flow id="f_302"  type="t_0"  begin="205200"  color="yellow"  from="E24"  to="E27"  end="212400"  period="exp(0.035)"/>
<flow id="f_304"  type="t_0"  begin="205200"  color="yellow"  from="E35.61"  to="E37"  end="212400"  period="exp(0.005)"/>
<flow id="f_886"  type="t_1"  begin="205200"  color="blue"  from="E32"  to="E31"  end="212400"  period="exp(0.035)"/>
<flow id="f_887"  type="t_1"  begin="205200"  color="blue"  from="E24"  to="E27"  end="212400"  period="exp(0.035)"/>
<flow id="f_889"  type="t_1"  begin="205200"  color="blue"  from="E35.61"  to="E37"  end="212400"  period="exp(0.005)"/>
<flow id="f_1471"  type="t_2"  begin="205200"  color="green"  from="E32"  to="E31"  end="212400"  period="exp(0.035)"/>
<flow id="f_1472"  type="t_2"  begin="205200"  color="green"  from="E24"  to="E27"  end="212400"  period="exp(0.035)"/>
<flow id="f_1474"  type="t_2"  begin="205200"  color="green"  from="E35.61"  to="E37"  end="212400"  period="exp(0.005)"/>
<flow id="f_314"  type="t_0"  begin="212400"  color="yellow"  from="E32"  to="E31"  end="226800"  period="exp(0.042)"/>
<flow id="f_315"  type="t_0"  begin="212400"  color="yellow"  from="E24"  to="E27"  end="226800"  period="exp(0.042)"/>
<flow id="f_317"  type="t_0"  begin="212400"  color="yellow"  from="E35.61"  to="E37"  end="226800"  period="exp(0.006)"/>
<flow id="f_899"  type="t_1"  begin="212400"  color="blue"  from="E32"  to="E31"  end="226800"  period="exp(0.042)"/>
<flow id="f_900"  type="t_1"  begin="212400"  color="blue"  from="E24"  to="E27"  end="226800"  period="exp(0.042)"/>
<flow id="f_902"  type="t_1"  begin="212400"  color="blue"  from="E35.61"  to="E37"  end="226800"  period="exp(0.006)"/>
<flow id="f_1484"  type="t_2"  begin="212400"  color="green"  from="E32"  to="E31"  end="226800"  period="exp(0.042)"/>
<flow id="f_1485"  type="t_2"  begin="212400"  color="green"  from="E24"  to="E27"  end="226800"  period="exp(0.042)"/>
<flow id="f_1487"  type="t_2"  begin="212400"  color="green"  from="E35.61"  to="E37"  end="226800"  period="exp(0.006)"/>
<flow id="f_327"  type="t_0"  begin="226800"  color="yellow"  from="E32"  to="E31"  end="234000"  period="exp(0.049)"/>
<flow id="f_328"  type="t_0"  begin="226800"  color="yellow"  from="E24"  to="E27"  end="234000"  period="exp(0.035)"/>
<flow id="f_330"  type="t_0"  begin="226800"  color="yellow"  from="E35.61"  to="E37"  end="234000"  period="exp(0.007)"/>
<flow id="f_912"  type="t_1"  begin="226800"  color="blue"  from="E32"  to="E31"  end="234000"  period="exp(0.049)"/>
<flow id="f_913"  type="t_1"  begin="226800"  color="blue"  from="E24"  to="E27"  end="234000"  period="exp(0.035)"/>
<flow id="f_915"  type="t_1"  begin="226800"  color="blue"  from="E35.61"  to="E37"  end="234000"  period="exp(0.007)"/>
<flow id="f_1497"  type="t_2"  begin="226800"  color="green"  from="E32"  to="E31"  end="234000"  period="exp(0.049)"/>
<flow id="f_1498"  type="t_2"  begin="226800"  color="green"  from="E24"  to="E27"  end="234000"  period="exp(0.035)"/>
<flow id="f_1500"  type="t_2"  begin="226800"  color="green"  from="E35.61"  to="E37"  end="234000"  period="exp(0.007)"/>
<flow id="f_340"  type="t_0"  begin="234000"  color="yellow"  from="E32"  to="E31"  end="241200"  period="exp(0.07)"/>
<flow id="f_341"  type="t_0"  begin="234000"  color="yellow"  from="E24"  to="E27"  end="241200"  period="exp(0.05)"/>
<flow id="f_343"  type="t_0"  begin="234000"  color="yellow"  from="E35.61"  to="E37"  end="241200"  period="exp(0.01)"/>
<flow id="f_925"  type="t_1"  begin="234000"  color="blue"  from="E32"  to="E31"  end="241200"  period="exp(0.07)"/>
<flow id="f_926"  type="t_1"  begin="234000"  color="blue"  from="E24"  to="E27"  end="241200"  period="exp(0.05)"/>
<flow id="f_928"  type="t_1"  begin="234000"  color="blue"  from="E35.61"  to="E37"  end="241200"  period="exp(0.01)"/>
<flow id="f_1510"  type="t_2"  begin="234000"  color="green"  from="E32"  to="E31"  end="241200"  period="exp(0.07)"/>
<flow id="f_1511"  type="t_2"  begin="234000"  color="green"  from="E24"  to="E27"  end="241200"  period="exp(0.05)"/>
<flow id="f_1513"  type="t_2"  begin="234000"  color="green"  from="E35.61"  to="E37"  end="241200"  period="exp(0.01)"/>
<flow id="f_353"  type="t_0"  begin="241200"  color="yellow"  from="E32"  to="E31"  end="248400"  period="exp(0.056)"/>
<flow id="f_354"  type="t_0"  begin="241200"  color="yellow"  from="E24"  to="E27"  end="248400"  period="exp(0.04)"/>
<flow id="f_356"  type="t_0"  begin="241200"  color="yellow"  from="E35.61"  to="E37"  end="248400"  period="exp(0.008)"/>
<flow id="f_938"  type="t_1"  begin="241200"  color="blue"  from="E32"  to="E31"  end="248400"  period="exp(0.056)"/>
<flow id="f_939"  type="t_1"  begin="241200"  color="blue"  from="E24"  to="E27"  end="248400"  period="exp(0.04)"/>
<flow id="f_941"  type="t_1"  begin="241200"  color="blue"  from="E35.61"  to="E37"  end="248400"  period="exp(0.008)"/>
<flow id="f_1523"  type="t_2"  begin="241200"  color="green"  from="E32"  to="E31"  end="248400"  period="exp(0.056)"/>
<flow id="f_1524"  type="t_2"  begin="241200"  color="green"  from="E24"  to="E27"  end="248400"  period="exp(0.04)"/>
<flow id="f_1526"  type="t_2"  begin="241200"  color="green"  from="E35.61"  to="E37"  end="248400"  period="exp(0.008)"/>
<flow id="f_366"  type="t_0"  begin="248400"  color="yellow"  from="E32"  to="E31"  end="259200"  period="exp(0.007)"/>
<flow id="f_367"  type="t_0"  begin="248400"  color="yellow"  from="E24"  to="E27"  end="259200"  period="exp(0.005)"/>
<flow id="f_369"  type="t_0"  begin="248400"  color="yellow"  from="E35.61"  to="E37"  end="259200"  period="exp(0.001)"/>
<flow id="f_951"  type="t_1"  begin="248400"  color="blue"  from="E32"  to="E31"  end="259200"  period="exp(0.007)"/>
<flow id="f_952"  type="t_1"  begin="248400"  color="blue"  from="E24"  to="E27"  end="259200"  period="exp(0.005)"/>
<flow id="f_954"  type="t_1"  begin="248400"  color="blue"  from="E35.61"  to="E37"  end="259200"  period="exp(0.001)"/>
<flow id="f_1536"  type="t_2"  begin="248400"  color="green"  from="E32"  to="E31"  end="259200"  period="exp(0.007)"/>
<flow id="f_1537"  type="t_2"  begin="248400"  color="green"  from="E24"  to="E27"  end="259200"  period="exp(0.005)"/>
<flow id="f_1539"  type="t_2"  begin="248400"  color="green"  from="E35.61"  to="E37"  end="259200"  period="exp(0.001)"/>
<flow id="f_379"  type="t_0"  begin="259200"  color="yellow"  from="E32"  to="E31"  end="277200"  period="exp(0.005)"/>
<flow id="f_380"  type="t_0"  begin="259200"  color="yellow"  from="E24"  to="E27"  end="277200"  period="exp(0.005)"/>
<flow id="f_382"  type="t_0"  begin="259200"  color="yellow"  from="E35.61"  to="E37"  end="277200"  period="exp(0.005)"/>
<flow id="f_496"  type="t_0"  begin="259200"  color="yellow"  from="E32"  to="E31"  end="277200"  period="exp(0.005)"/>
<flow id="f_497"  type="t_0"  begin="259200"  color="yellow"  from="E24"  to="E27"  end="277200"  period="exp(0.005)"/>
<flow id="f_499"  type="t_0"  begin="259200"  color="yellow"  from="E35.61"  to="E37"  end="277200"  period="exp(0.005)"/>
<flow id="f_964"  type="t_1"  begin="259200"  color="blue"  from="E32"  to="E31"  end="277200"  period="exp(0.005)"/>
<flow id="f_965"  type="t_1"  begin="259200"  color="blue"  from="E24"  to="E27"  end="277200"  period="exp(0.005)"/>
<flow id="f_967"  type="t_1"  begin="259200"  color="blue"  from="E35.61"  to="E37"  end="277200"  period="exp(0.005)"/>
<flow id="f_1081"  type="t_1"  begin="259200"  color="blue"  from="E32"  to="E31"  end="277200"  period="exp(0.005)"/>
<flow id="f_1082"  type="t_1"  begin="259200"  color="blue"  from="E24"  to="E27"  end="277200"  period="exp(0.005)"/>
<flow id="f_1084"  type="t_1"  begin="259200"  color="blue"  from="E35.61"  to="E37"  end="277200"  period="exp(0.005)"/>
<flow id="f_1549"  type="t_2"  begin="259200"  color="green"  from="E32"  to="E31"  end="277200"  period="exp(0.005)"/>
<flow id="f_1550"  type="t_2"  begin="259200"  color="green"  from="E24"  to="E27"  end="277200"  period="exp(0.005)"/>
<flow id="f_1552"  type="t_2"  begin="259200"  color="green"  from="E35.61"  to="E37"  end="277200"  period="exp(0.005)"/>
<flow id="f_1666"  type="t_2"  begin="259200"  color="green"  from="E32"  to="E31"  end="277200"  period="exp(0.005)"/>
<flow id="f_1667"  type="t_2"  begin="259200"  color="green"  from="E24"  to="E27"  end="277200"  period="exp(0.005)"/>
<flow id="f_1669"  type="t_2"  begin="259200"  color="green"  from="E35.61"  to="E37"  end="277200"  period="exp(0.005)"/>
<flow id="f_392"  type="t_0"  begin="277200"  color="yellow"  from="E32"  to="E31"  end="284400"  period="exp(0.021)"/>
<flow id="f_393"  type="t_0"  begin="277200"  color="yellow"  from="E24"  to="E27"  end="284400"  period="exp(0.021)"/>
<flow id="f_395"  type="t_0"  begin="277200"  color="yellow"  from="E35.61"  to="E37"  end="284400"  period="exp(0.003)"/>
<flow id="f_509"  type="t_0"  begin="277200"  color="yellow"  from="E32"  to="E31"  end="284400"  period="exp(0.021)"/>
<flow id="f_510"  type="t_0"  begin="277200"  color="yellow"  from="E24"  to="E27"  end="284400"  period="exp(0.021)"/>
<flow id="f_512"  type="t_0"  begin="277200"  color="yellow"  from="E35.61"  to="E37"  end="284400"  period="exp(0.003)"/>
<flow id="f_977"  type="t_1"  begin="277200"  color="blue"  from="E32"  to="E31"  end="284400"  period="exp(0.021)"/>
<flow id="f_978"  type="t_1"  begin="277200"  color="blue"  from="E24"  to="E27"  end="284400"  period="exp(0.021)"/>
<flow id="f_980"  type="t_1"  begin="277200"  color="blue"  from="E35.61"  to="E37"  end="284400"  period="exp(0.003)"/>
<flow id="f_1094"  type="t_1"  begin="277200"  color="blue"  from="E32"  to="E31"  end="284400"  period="exp(0.021)"/>
<flow id="f_1095"  type="t_1"  begin="277200"  color="blue"  from="E24"  to="E27"  end="284400"  period="exp(0.021)"/>
<flow id="f_1097"  type="t_1"  begin="277200"  color="blue"  from="E35.61"  to="E37"  end="284400"  period="exp(0.003)"/>
<flow id="f_1562"  type="t_2"  begin="277200"  color="green"  from="E32"  to="E31"  end="284400"  period="exp(0.021)"/>
<flow id="f_1563"  type="t_2"  begin="277200"  color="green"  from="E24"  to="E27"  end="284400"  period="exp(0.021)"/>
<flow id="f_1565"  type="t_2"  begin="277200"  color="green"  from="E35.61"  to="E37"  end="284400"  period="exp(0.003)"/>
<flow id="f_1679"  type="t_2"  begin="277200"  color="green"  from="E32"  to="E31"  end="284400"  period="exp(0.021)"/>
<flow id="f_1680"  type="t_2"  begin="277200"  color="green"  from="E24"  to="E27"  end="284400"  period="exp(0.021)"/>
<flow id="f_1682"  type="t_2"  begin="277200"  color="green"  from="E35.61"  to="E37"  end="284400"  period="exp(0.003)"/>
<flow id="f_405"  type="t_0"  begin="284400"  color="yellow"  from="E32"  to="E31"  end="291600"  period="exp(0.07)"/>
<flow id="f_406"  type="t_0"  begin="284400"  color="yellow"  from="E24"  to="E27"  end="291600"  period="exp(0.07)"/>
<flow id="f_408"  type="t_0"  begin="284400"  color="yellow"  from="E35.61"  to="E37"  end="291600"  period="exp(0.01)"/>
<flow id="f_522"  type="t_0"  begin="284400"  color="yellow"  from="E32"  to="E31"  end="291600"  period="exp(0.07)"/>
<flow id="f_523"  type="t_0"  begin="284400"  color="yellow"  from="E24"  to="E27"  end="291600"  period="exp(0.07)"/>
<flow id="f_525"  type="t_0"  begin="284400"  color="yellow"  from="E35.61"  to="E37"  end="291600"  period="exp(0.01)"/>
<flow id="f_990"  type="t_1"  begin="284400"  color="blue"  from="E32"  to="E31"  end="291600"  period="exp(0.07)"/>
<flow id="f_991"  type="t_1"  begin="284400"  color="blue"  from="E24"  to="E27"  end="291600"  period="exp(0.07)"/>
<flow id="f_993"  type="t_1"  begin="284400"  color="blue"  from="E35.61"  to="E37"  end="291600"  period="exp(0.01)"/>
<flow id="f_1107"  type="t_1"  begin="284400"  color="blue"  from="E32"  to="E31"  end="291600"  period="exp(0.07)"/>
<flow id="f_1108"  type="t_1"  begin="284400"  color="blue"  from="E24"  to="E27"  end="291600"  period="exp(0.07)"/>
<flow id="f_1110"  type="t_1"  begin="284400"  color="blue"  from="E35.61"  to="E37"  end="291600"  period="exp(0.01)"/>
<flow id="f_1575"  type="t_2"  begin="284400"  color="green"  from="E32"  to="E31"  end="291600"  period="exp(0.07)"/>
<flow id="f_1576"  type="t_2"  begin="284400"  color="green"  from="E24"  to="E27"  end="291600"  period="exp(0.07)"/>
<flow id="f_1578"  type="t_2"  begin="284400"  color="green"  from="E35.61"  to="E37"  end="291600"  period="exp(0.01)"/>
<flow id="f_1692"  type="t_2"  begin="284400"  color="green"  from="E32"  to="E31"  end="291600"  period="exp(0.07)"/>
<flow id="f_1693"  type="t_2"  begin="284400"  color="green"  from="E24"  to="E27"  end="291600"  period="exp(0.07)"/>
<flow id="f_1695"  type="t_2"  begin="284400"  color="green"  from="E35.61"  to="E37"  end="291600"  period="exp(0.01)"/>
<flow id="f_418"  type="t_0"  begin="291600"  color="yellow"  from="E32"  to="E31"  end="298800"  period="exp(0.035)"/>
<flow id="f_419"  type="t_0"  begin="291600"  color="yellow"  from="E24"  to="E27"  end="298800"  period="exp(0.035)"/>
<flow id="f_421"  type="t_0"  begin="291600"  color="yellow"  from="E35.61"  to="E37"  end="298800"  period="exp(0.005)"/>
<flow id="f_535"  type="t_0"  begin="291600"  color="yellow"  from="E32"  to="E31"  end="298800"  period="exp(0.035)"/>
<flow id="f_536"  type="t_0"  begin="291600"  color="yellow"  from="E24"  to="E27"  end="298800"  period="exp(0.035)"/>
<flow id="f_538"  type="t_0"  begin="291600"  color="yellow"  from="E35.61"  to="E37"  end="298800"  period="exp(0.005)"/>
<flow id="f_1003"  type="t_1"  begin="291600"  color="blue"  from="E32"  to="E31"  end="298800"  period="exp(0.035)"/>
<flow id="f_1004"  type="t_1"  begin="291600"  color="blue"  from="E24"  to="E27"  end="298800"  period="exp(0.035)"/>
<flow id="f_1006"  type="t_1"  begin="291600"  color="blue"  from="E35.61"  to="E37"  end="298800"  period="exp(0.005)"/>
<flow id="f_1120"  type="t_1"  begin="291600"  color="blue"  from="E32"  to="E31"  end="298800"  period="exp(0.035)"/>
<flow id="f_1121"  type="t_1"  begin="291600"  color="blue"  from="E24"  to="E27"  end="298800"  period="exp(0.035)"/>
<flow id="f_1123"  type="t_1"  begin="291600"  color="blue"  from="E35.61"  to="E37"  end="298800"  period="exp(0.005)"/>
<flow id="f_1588"  type="t_2"  begin="291600"  color="green"  from="E32"  to="E31"  end="298800"  period="exp(0.035)"/>
<flow id="f_1589"  type="t_2"  begin="291600"  color="green"  from="E24"  to="E27"  end="298800"  period="exp(0.035)"/>
<flow id="f_1591"  type="t_2"  begin="291600"  color="green"  from="E35.61"  to="E37"  end="298800"  period="exp(0.005)"/>
<flow id="f_1705"  type="t_2"  begin="291600"  color="green"  from="E32"  to="E31"  end="298800"  period="exp(0.035)"/>
<flow id="f_1706"  type="t_2"  begin="291600"  color="green"  from="E24"  to="E27"  end="298800"  period="exp(0.035)"/>
<flow id="f_1708"  type="t_2"  begin="291600"  color="green"  from="E35.61"  to="E37"  end="298800"  period="exp(0.005)"/>
<flow id="f_431"  type="t_0"  begin="298800"  color="yellow"  from="E32"  to="E31"  end="313200"  period="exp(0.042)"/>
<flow id="f_432"  type="t_0"  begin="298800"  color="yellow"  from="E24"  to="E27"  end="313200"  period="exp(0.042)"/>
<flow id="f_434"  type="t_0"  begin="298800"  color="yellow"  from="E35.61"  to="E37"  end="313200"  period="exp(0.006)"/>
<flow id="f_548"  type="t_0"  begin="298800"  color="yellow"  from="E32"  to="E31"  end="313200"  period="exp(0.042)"/>
<flow id="f_549"  type="t_0"  begin="298800"  color="yellow"  from="E24"  to="E27"  end="313200"  period="exp(0.042)"/>
<flow id="f_551"  type="t_0"  begin="298800"  color="yellow"  from="E35.61"  to="E37"  end="313200"  period="exp(0.006)"/>
<flow id="f_1016"  type="t_1"  begin="298800"  color="blue"  from="E32"  to="E31"  end="313200"  period="exp(0.042)"/>
<flow id="f_1017"  type="t_1"  begin="298800"  color="blue"  from="E24"  to="E27"  end="313200"  period="exp(0.042)"/>
<flow id="f_1019"  type="t_1"  begin="298800"  color="blue"  from="E35.61"  to="E37"  end="313200"  period="exp(0.006)"/>
<flow id="f_1133"  type="t_1"  begin="298800"  color="blue"  from="E32"  to="E31"  end="313200"  period="exp(0.042)"/>
<flow id="f_1134"  type="t_1"  begin="298800"  color="blue"  from="E24"  to="E27"  end="313200"  period="exp(0.042)"/>
<flow id="f_1136"  type="t_1"  begin="298800"  color="blue"  from="E35.61"  to="E37"  end="313200"  period="exp(0.006)"/>
<flow id="f_1601"  type="t_2"  begin="298800"  color="green"  from="E32"  to="E31"  end="313200"  period="exp(0.042)"/>
<flow id="f_1602"  type="t_2"  begin="298800"  color="green"  from="E24"  to="E27"  end="313200"  period="exp(0.042)"/>
<flow id="f_1604"  type="t_2"  begin="298800"  color="green"  from="E35.61"  to="E37"  end="313200"  period="exp(0.006)"/>
<flow id="f_1718"  type="t_2"  begin="298800"  color="green"  from="E32"  to="E31"  end="313200"  period="exp(0.042)"/>
<flow id="f_1719"  type="t_2"  begin="298800"  color="green"  from="E24"  to="E27"  end="313200"  period="exp(0.042)"/>
<flow id="f_1721"  type="t_2"  begin="298800"  color="green"  from="E35.61"  to="E37"  end="313200"  period="exp(0.006)"/>
<flow id="f_444"  type="t_0"  begin="313200"  color="yellow"  from="E32"  to="E31"  end="320400"  period="exp(0.049)"/>
<flow id="f_445"  type="t_0"  begin="313200"  color="yellow"  from="E24"  to="E27"  end="320400"  period="exp(0.035)"/>
<flow id="f_447"  type="t_0"  begin="313200"  color="yellow"  from="E35.61"  to="E37"  end="320400"  period="exp(0.007)"/>
<flow id="f_561"  type="t_0"  begin="313200"  color="yellow"  from="E32"  to="E31"  end="320400"  period="exp(0.049)"/>
<flow id="f_562"  type="t_0"  begin="313200"  color="yellow"  from="E24"  to="E27"  end="320400"  period="exp(0.035)"/>
<flow id="f_564"  type="t_0"  begin="313200"  color="yellow"  from="E35.61"  to="E37"  end="320400"  period="exp(0.007)"/>
<flow id="f_1029"  type="t_1"  begin="313200"  color="blue"  from="E32"  to="E31"  end="320400"  period="exp(0.049)"/>
<flow id="f_1030"  type="t_1"  begin="313200"  color="blue"  from="E24"  to="E27"  end="320400"  period="exp(0.035)"/>
<flow id="f_1032"  type="t_1"  begin="313200"  color="blue"  from="E35.61"  to="E37"  end="320400"  period="exp(0.007)"/>
<flow id="f_1146"  type="t_1"  begin="313200"  color="blue"  from="E32"  to="E31"  end="320400"  period="exp(0.049)"/>
<flow id="f_1147"  type="t_1"  begin="313200"  color="blue"  from="E24"  to="E27"  end="320400"  period="exp(0.035)"/>
<flow id="f_1149"  type="t_1"  begin="313200"  color="blue"  from="E35.61"  to="E37"  end="320400"  period="exp(0.007)"/>
<flow id="f_1614"  type="t_2"  begin="313200"  color="green"  from="E32"  to="E31"  end="320400"  period="exp(0.049)"/>
<flow id="f_1615"  type="t_2"  begin="313200"  color="green"  from="E24"  to="E27"  end="320400"  period="exp(0.035)"/>
<flow id="f_1617"  type="t_2"  begin="313200"  color="green"  from="E35.61"  to="E37"  end="320400"  period="exp(0.007)"/>
<flow id="f_1731"  type="t_2"  begin="313200"  color="green"  from="E32"  to="E31"  end="320400"  period="exp(0.049)"/>
<flow id="f_1732"  type="t_2"  begin="313200"  color="green"  from="E24"  to="E27"  end="320400"  period="exp(0.035)"/>
<flow id="f_1734"  type="t_2"  begin="313200"  color="green"  from="E35.61"  to="E37"  end="320400"  period="exp(0.007)"/>
<flow id="f_457"  type="t_0"  begin="320400"  color="yellow"  from="E32"  to="E31"  end="327600"  period="exp(0.07)"/>
<flow id="f_458"  type="t_0"  begin="320400"  color="yellow"  from="E24"  to="E27"  end="327600"  period="exp(0.05)"/>
<flow id="f_460"  type="t_0"  begin="320400"  color="yellow"  from="E35.61"  to="E37"  end="327600"  period="exp(0.01)"/>
<flow id="f_574"  type="t_0"  begin="320400"  color="yellow"  from="E32"  to="E31"  end="327600"  period="exp(0.07)"/>
<flow id="f_575"  type="t_0"  begin="320400"  color="yellow"  from="E24"  to="E27"  end="327600"  period="exp(0.05)"/>
<flow id="f_577"  type="t_0"  begin="320400"  color="yellow"  from="E35.61"  to="E37"  end="327600"  period="exp(0.01)"/>
<flow id="f_1042"  type="t_1"  begin="320400"  color="blue"  from="E32"  to="E31"  end="327600"  period="exp(0.07)"/>
<flow id="f_1043"  type="t_1"  begin="320400"  color="blue"  from="E24"  to="E27"  end="327600"  period="exp(0.05)"/>
<flow id="f_1045"  type="t_1"  begin="320400"  color="blue"  from="E35.61"  to="E37"  end="327600"  period="exp(0.01)"/>
<flow id="f_1159"  type="t_1"  begin="320400"  color="blue"  from="E32"  to="E31"  end="327600"  period="exp(0.07)"/>
<flow id="f_1160"  type="t_1"  begin="320400"  color="blue"  from="E24"  to="E27"  end="327600"  period="exp(0.05)"/>
<flow id="f_1162"  type="t_1"  begin="320400"  color="blue"  from="E35.61"  to="E37"  end="327600"  period="exp(0.01)"/>
<flow id="f_1627"  type="t_2"  begin="320400"  color="green"  from="E32"  to="E31"  end="327600"  period="exp(0.07)"/>
<flow id="f_1628"  type="t_2"  begin="320400"  color="green"  from="E24"  to="E27"  end="327600"  period="exp(0.05)"/>
<flow id="f_1630"  type="t_2"  begin="320400"  color="green"  from="E35.61"  to="E37"  end="327600"  period="exp(0.01)"/>
<flow id="f_1744"  type="t_2"  begin="320400"  color="green"  from="E32"  to="E31"  end="327600"  period="exp(0.07)"/>
<flow id="f_1745"  type="t_2"  begin="320400"  color="green"  from="E24"  to="E27"  end="327600"  period="exp(0.05)"/>
<flow id="f_1747"  type="t_2"  begin="320400"  color="green"  from="E35.61"  to="E37"  end="327600"  period="exp(0.01)"/>
<flow id="f_470"  type="t_0"  begin="327600"  color="yellow"  from="E32"  to="E31"  end="334800"  period="exp(0.056)"/>
<flow id="f_471"  type="t_0"  begin="327600"  color="yellow"  from="E24"  to="E27"  end="334800"  period="exp(0.04)"/>
<flow id="f_473"  type="t_0"  begin="327600"  color="yellow"  from="E35.61"  to="E37"  end="334800"  period="exp(0.008)"/>
<flow id="f_587"  type="t_0"  begin="327600"  color="yellow"  from="E32"  to="E31"  end="334800"  period="exp(0.056)"/>
<flow id="f_588"  type="t_0"  begin="327600"  color="yellow"  from="E24"  to="E27"  end="334800"  period="exp(0.04)"/>
<flow id="f_590"  type="t_0"  begin="327600"  color="yellow"  from="E35.61"  to="E37"  end="334800"  period="exp(0.008)"/>
<flow id="f_1055"  type="t_1"  begin="327600"  color="blue"  from="E32"  to="E31"  end="334800"  period="exp(0.056)"/>
<flow id="f_1056"  type="t_1"  begin="327600"  color="blue"  from="E24"  to="E27"  end="334800"  period="exp(0.04)"/>
<flow id="f_1058"  type="t_1"  begin="327600"  color="blue"  from="E35.61"  to="E37"  end="334800"  period="exp(0.008)"/>
<flow id="f_1172"  type="t_1"  begin="327600"  color="blue"  from="E32"  to="E31"  end="334800"  period="exp(0.056)"/>
<flow id="f_1173"  type="t_1"  begin="327600"  color="blue"  from="E24"  to="E27"  end="334800"  period="exp(0.04)"/>
<flow id="f_1175"  type="t_1"  begin="327600"  color="blue"  from="E35.61"  to="E37"  end="334800"  period="exp(0.008)"/>
<flow id="f_1640"  type="t_2"  begin="327600"  color="green"  from="E32"  to="E31"  end="334800"  period="exp(0.056)"/>
<flow id="f_1641"  type="t_2"  begin="327600"  color="green"  from="E24"  to="E27"  end="334800"  period="exp(0.04)"/>
<flow id="f_1643"  type="t_2"  begin="327600"  color="green"  from="E35.61"  to="E37"  end="334800"  period="exp(0.008)"/>
<flow id="f_1757"  type="t_2"  begin="327600"  color="green"  from="E32"  to="E31"  end="334800"  period="exp(0.056)"/>
<flow id="f_1758"  type="t_2"  begin="327600"  color="green"  from="E24"  to="E27"  end="334800"  period="exp(0.04)"/>
<flow id="f_1760"  type="t_2"  begin="327600"  color="green"  from="E35.61"  to="E37"  end="334800"  period="exp(0.008)"/>
<flow id="f_483"  type="t_0"  begin="334800"  color="yellow"  from="E32"  to="E31"  end="345600"  period="exp(0.007)"/>
<flow id="f_484"  type="t_0"  begin="334800"  color="yellow"  from="E24"  to="E27"  end="345600"  period="exp(0.005)"/>
<flow id="f_486"  type="t_0"  begin="334800"  color="yellow"  from="E35.61"  to="E37"  end="345600"  period="exp(0.001)"/>
<flow id="f_600"  type="t_0"  begin="334800"  color="yellow"  from="E32"  to="E31"  end="345600"  period="exp(0.007)"/>
<flow id="f_601"  type="t_0"  begin="334800"  color="yellow"  from="E24"  to="E27"  end="345600"  period="exp(0.005)"/>
<flow id="f_603"  type="t_0"  begin="334800"  color="yellow"  from="E35.61"  to="E37"  end="345600"  period="exp(0.001)"/>
<flow id="f_1068"  type="t_1"  begin="334800"  color="blue"  from="E32"  to="E31"  end="345600"  period="exp(0.007)"/>
<flow id="f_1069"  type="t_1"  begin="334800"  color="blue"  from="E24"  to="E27"  end="345600"  period="exp(0.005)"/>
<flow id="f_1071"  type="t_1"  begin="334800"  color="blue"  from="E35.61"  to="E37"  end="345600"  period="exp(0.001)"/>
<flow id="f_1185"  type="t_1"  begin="334800"  color="blue"  from="E32"  to="E31"  end="345600"  period="exp(0.007)"/>
<flow id="f_1186"  type="t_1"  begin="334800"  color="blue"  from="E24"  to="E27"  end="345600"  period="exp(0.005)"/>
<flow id="f_1188"  type="t_1"  begin="334800"  color="blue"  from="E35.61"  to="E37"  end="345600"  period="exp(0.001)"/>
<flow id="f_1653"  type="t_2"  begin="334800"  color="green"  from="E32"  to="E31"  end="345600"  period="exp(0.007)"/>
<flow id="f_1654"  type="t_2"  begin="334800"  color="green"  from="E24"  to="E27"  end="345600"  period="exp(0.005)"/>
<flow id="f_1656"  type="t_2"  begin="334800"  color="green"  from="E35.61"  to="E37"  end="345600"  period="exp(0.001)"/>
<flow id="f_1770"  type="t_2"  begin="334800"  color="green"  from="E32"  to="E31"  end="345600"  period="exp(0.007)"/>
<flow id="f_1771"  type="t_2"  begin="334800"  color="green"  from="E24"  to="E27"  end="345600"  period="exp(0.005)"/>
<flow id="f_1773"  type="t_2"  begin="334800"  color="green"  from="E35.61"  to="E37"  end="345600"  period="exp(0.001)"/>



</routes>
